{
    "lighting": "vialrgb",
    "matrix": {
        "rows": 8,
        "cols": 7
    },
    "layouts": {
        "keymap": [
            {
                "switchMount": "cherry",
                "x": 14.07,
                "y": 0
            },
            [
                {
                    "w": 1.25
                },
                "0,0",
                {
                    "x": 0.040000000000000036
                },
                "1,0",
                {
                    "x": 0.06000000000000005
                },
                "2,0",
                {
                    "x": 0.06999999999999984
                },
                "3,0",
                {
                    "x": 0.0600000000000005
                },
                "4,0",
                {
                    "x": 0.05999999999999961
                },
                "5,0",
                {
                    "x": 0.08000000000000007
                },
                "6,0",
                {
                    "x": 0.08000000000000007
                },
                "7,0",
                {
                    "x": 2.16,
                    "a": 7
                },
                "",
                {
                    "x": 0.08000000000000007
                },
                "",
                {
                    "x": 0.0600000000000005
                },
                "",
                {
                    "x": 0.07000000000000028
                },
                "",
                {
                    "x": 0.07000000000000028
                },
                "",
                {
                    "x": 0.09999999999999787
                },
                "",
                {
                    "x": 0.08000000000000185
                },
                "",
                {
                    "x": 0.0799999999999983,
                    "w": 1.25
                },
                ""
            ],
            [
                {
                    "y": 0.040000000000000036,
                    "a": 4,
                    "w": 1.25
                },
                "0,1",
                {
                    "x": 0.040000000000000036
                },
                "1,1",
                {
                    "x": 0.06000000000000005
                },
                "2,1",
                {
                    "x": 0.06999999999999984
                },
                "3,1",
                {
                    "x": 0.0600000000000005
                },
                "4,1",
                {
                    "x": 0.05999999999999961
                },
                "5,1",
                {
                    "x": 0.08000000000000007
                },
                "6,1",
                {
                    "x": 0.08000000000000007
                },
                "7,1",
                {
                    "x": 2.16,
                    "a": 7
                },
                "",
                {
                    "x": 0.08000000000000007
                },
                "",
                {
                    "x": 0.0600000000000005
                },
                "",
                {
                    "x": 0.07000000000000028
                },
                "",
                {
                    "x": 0.07000000000000028
                },
                "",
                {
                    "x": 0.09999999999999787
                },
                "",
                {
                    "x": 0.08000000000000185
                },
                "",
                {
                    "x": 0.10000000000000142,
                    "w": 1.25
                },
                ""
            ],
            [
                {
                    "y": 0.06000000000000005,
                    "a": 4,
                    "w": 1.25
                },
                "0,2",
                {
                    "x": 0.040000000000000036
                },
                "1,2",
                {
                    "x": 0.06000000000000005
                },
                "2,2",
                {
                    "x": 0.06999999999999984
                },
                "3,2",
                {
                    "x": 0.0600000000000005
                },
                "4,2",
                {
                    "x": 0.05999999999999961
                },
                "5,2",
                {
                    "x": 0.08000000000000007
                },
                "6,2",
                {
                    "x": 0.08000000000000007
                },
                "7,2",
                {
                    "x": 2.16,
                    "a": 7
                },
                "",
                {
                    "x": 0.08000000000000007
                },
                "",
                {
                    "x": 0.0600000000000005
                },
                "",
                {
                    "x": 0.07000000000000028
                },
                "",
                {
                    "x": 0.07000000000000028
                },
                "",
                {
                    "x": 0.09999999999999787
                },
                "",
                {
                    "x": 0.08000000000000185
                },
                "",
                {
                    "x": 0.10000000000000142,
                    "w": 1.25
                },
                ""
            ],
            [
                {
                    "y": 0.0600000000000005,
                    "a": 4,
                    "w": 1.25
                },
                "0,3",
                {
                    "x": 0.040000000000000036
                },
                "1,3",
                {
                    "x": 0.06000000000000005
                },
                "2,3",
                {
                    "x": 0.06999999999999984
                },
                "3,3",
                {
                    "x": 0.0600000000000005
                },
                "4,3",
                {
                    "x": 0.05999999999999961
                },
                "5,3",
                {
                    "x": 0.08000000000000007
                },
                "6,3",
                {
                    "x": 0.08000000000000007
                },
                "7,3",
                {
                    "x": 2.16,
                    "a": 7
                },
                "",
                {
                    "x": 0.08000000000000007
                },
                "",
                {
                    "x": 0.0600000000000005
                },
                "",
                {
                    "x": 0.07000000000000028
                },
                "",
                {
                    "x": 0.07000000000000028
                },
                "",
                {
                    "x": 0.09999999999999787
                },
                "",
                {
                    "x": 0.08000000000000185
                },
                "",
                {
                    "x": 0.10999999999999943,
                    "w": 1.25
                },
                ""
            ],
            [
                {
                    "y": 0.07000000000000028,
                    "a": 4,
                    "w": 1.25
                },
                "0,4",
                {
                    "x": 0.040000000000000036
                },
                "1,4",
                {
                    "x": 0.06000000000000005
                },
                "2,4",
                {
                    "x": 0.06999999999999984
                },
                "3,4",
                {
                    "x": 0.0600000000000005
                },
                "4,4",
                {
                    "x": 0.05999999999999961
                },